name,price
Диван Эби Velvet Coral,68 240
Диван Нумо Velvet Green,39 890
Диван Нумо Мини Textile Light,26 240
Диван угловой Онте Textile Grafit,136 490
Диван Слипсон Velvet Milk,62 990
Диван Клаймар Velvet Terra,59 840
Диван Льери Мини Velvet Yellow,68 240
Диван Виена Velvet Smoke,68 240
Модульный диван Риббл-1 Bucle Mint,80 830
Диван угловой Аллаум Linia Stone,55 640
Диван Ларонсо Soft Blue,89 240
Диван Маре Мини Velvet Grafit,29 390
Диван Терм Zamsha Pink,94 490
Диван Спейс Velvet Olive,68 240
Диван Тилар Cozy Milk,31 490
Диван Сваут Velvet Mustard,68 240
Диван угловой Дарол Velvet Silver,68 240
Диван угловой Нордика мини Velvet Coral,62 990
Диван Бонент Velvet Eclipse,80 840
Кушетка Тут Рядом Космос Бежевый,102 890
Диван угловой Эдвин Velvet Terra,73 490
Диван Эби Мини Linia Mint,59 840
Диван Роттердам Velvet Yellow,27 290
Диван Бруквиль Velvet Blue,52 490
Кушетка Ринт Bucle Beige,22 040
Модульный диван Brera-7 Velour Mix,186 870
Диван Слипсон Мини Linia Stone,47 240
Диван угловой Аронт Мини Velvet Pink,61 940
Диван угловой Динс Velvet Navy Blue,62 990
Диван Кейсес Velvet Grey,28 340
Диван Линс Velvet Navy Blue,33 590
Диван Стаус Velvet Caramel,32 540
Диван угловой Лилле Velvet Terra,62 990
Диван Види Textile Ocean,27 290
Диван Виенсо Bucle Sand,83 990
Диван Лави Velvet Yellow,46 190
Диван Риен Velvet Smoke,57 740
Диван угловой Мисл-1 Barhat Marsala,115 490
Диван Тут Рядом Дом Зеленый,76 640
Диван угловой Вильен мини Velvet Terra,62 990
Диван Пайпел Bucle Grafit,57 740
Диван Мейлон Velvet Beige,50 390
Кушетка Кото Cozy Ivory,49 340
Диван Марей Soft Grey,94 490
Диван Сорен Textile Yellow,68 240
Диван Инес Vertical Blue,45 140
Диван Лачи Velvet Yellow,32 540
Диван Лофт Linia Nut,48 290
Диван Данста Velvet Light,70 340
Диван угловой Шера Velvet Olive,108 140
Диван Викс Textile Grafit,23 090
Диван Нумо Velvet Grey,39 890
Диван Хевит Velvet Eclipse,41 990
Диван Лачи Velvet Silver,32 540
Диван Риббл-6 Bucle Lilac,54 590
Диван Стаус Velvet Olive,32 540
Диван угловой Ройн Мини Velvet Pink,45 140
Диван угловой Вайвел Barhat Smoke,94 490
Диван Рон Textile Plum,57 740
Кушетка Олтен Textile Blue,34 640
Диван Порту Мини Textile Grafit,26 240
Диван Рейли Velvet Mint,36 740
Диван Терм Velvet Smoke,73 490
Кушетка Венето Velvet Terra,40 940
Диван угловой Биани-1 Barhat Olive,89 240
Модульный диван Brera-4 Bucle Beige,217 320
Диван угловой Мейлон Velvet Terra,53 540
Диван Арклоу Soft Silver,59 840
Диван угловой Майнап Velvet Navy Blue,52 490
Модульный диван Нолан-B 4 Soft Yellow,153 780
Диван Стаус Velvet Blue,32 540
Диван Порту Textile Brown,27 290
Диван Кела Мини Velvet Grafit,41 990
Диван Роттердам Velvet Olive,28 340
Диван Данста Textile Night,83 990
Диван Боско-3 Land Yellow,57 740
Диван Нумо Velvet Latte,39 890
Диван угловой Ларонсо Soft Pearl,115 490
Кушетка Интори Soft Night,30 440
Диван Роттердам-3 Velvet Blue,34 640
Диван Маре Мини Velvet Pink,29 390
Диван угловой Онте Bucle Silver,115 490
Диван угловой Амрано Velvet Stone,45 140
Диван Льери-1 Soft Light,62 990
Диван Сите-2 Barhat Beige,34 640
Диван Биани Bucle Beige,94 490
Диван Арклоу Cozy Ivory,55 640
Диван Саннес Velvet Silver,52 490
Диван Кускен Vertiсal Lavender,49 340
Диван угловой Шера Velvet Blue,108 140
Диван угловой Спейс-2 Velvet Terra,103 940
Модульный диван Риббл-3 Bucle Mint,161 670
Диван Льери Мини Velvet Grey,68 240
Кушетка Мона Velvet Olive,34 640
Диван Самми Velvet Plum,36 740
Диван Самми Velvet Beige,36 740
Диван Тут Рядом Космос Бежевый,125 990
Кушетка Роби Textile Coral,20 990
Диван Байма Velvet Milk,73 490
Диван Маре Мини Velvet Silver,29 390
Диван Ситено Barhat Blue,62 990
Модульный диван Brera-7 Velour Beige,186 870
Диван Динс Мини Velvet Latte,52 490
Диван угловой Виена Velvet Olive,73 490
Диван угловой Эби-2 Velvet Coral,103 940
Диван угловой Маркфул Velvet Emerald,83 990
Модульный диван Brera-7 Bucle Beige,227 820
Диван Сторм Land Silver,62 990
Модульный диван Полан-5 Velvet Ocean,134 350
Кушетка Ринт Bucle Yellow,22 040
Кушетка Оренте Soft Blue,49 340
Диван Хевит Velvet Olive,41 990
Диван Коренс-3 Happy Grey,37 790
Диван Коренс-3 Happy Yellow,37 790
Модульный диван Brera-3 Velour Plum,119 670
Диван угловой Ларонсо Soft Latte,115 490
Диван Мейлон Velvet Eclipse,50 390
Модульный диван Полан-2 Cozy Ivory,120 710
Модульный диван Brera-3 Velour Forest,119 670
Диван угловой Лаберт Barhat Latte,115 490
Диван угловой Виллес Velvet Stone,59 840
Диван Виена Bucle Silver,94 490
Диван Сите-3 Velvet Moss,41 990
Модульное кресло Полан Velvet Caramel,48 270
Диван угловой Мейлон Velvet Eclipse,53 540
Диван Картос Velvet Beige,57 740
Модульный диван Brera-4 Velour Plum,170 070
Модульный диван Этен 3 Vertical Jeans,147 990
Диван угловой Бонент Velvet Smoke,94 490
Диван Нумо Мини Textile Grafit,26 240
Диван Порту Textile Ocean,27 290
Диван угловой Дисент-1 Soft Toffe,101 840
Диван Сите-2 Velvet Blue,34 640
Диван Спейс-2 Velvet Grey,94 490
Диван Кареро Bucle Silver,87 140
Модульный диван Риббл-4 Bucle Forest,161 670
Диван угловой Слипсон Velvet Silver,70 340
Диван угловой Лаберт Barhat Smoke,115 490
Модульный диван Полан-1 Cozy Ivory,94 470
Модульный диван Полан-2 Velvet Caramel,100 760
Диван угловой Лаберт Barhat Olive,115 490
Диван угловой Нумо Velvet Grafit,50 390
Диван угловой Сайле Barhat Silver,146 990
Кушетка Норфолк Velvet Silver,27 290
Диван Лонди Bucle Smoky,55 640
Модульный диван Нолан-B 3 Soft Yellow,120 720
Диван Эби Мини Linia Navy,59 840
Диван угловой Шера Velvet Smoke,108 140
Модульный диван Brera-2 Velour Lilac,111 280
Диван Массе Velvet Light,62 990
Диван Лофт Linia Olive,48 290
Диван Мейлон Velvet Smoke,50 390
Диван Мисл Barhat Marsala,78 740
Модульный диван Риббл-1 Bucle Grafit,80 830
Диван Спейс-2 Velvet Beige,94 490
Модульный диван Нолан-B 2 Soft Grafit,96 050
Модульный диван Brera-2 Velour Caramel,111 280
Кушетка Тут Рядом Космос Серый,102 890
Диван угловой Динс Velvet Yellow,62 990
Диван Бонс-Т Velvet Mint,47 240
Диван Викс Textile Sky,23 090
Модульный диван Нолан-B 4 Soft Grey,153 780
Диван Риббл-11 Bucle Eclipce,88 190
Диван угловой Вильен мини Velvet Plum,62 990
Диван Кареро Velvet Light,73 490
Модульный диван Нолан-B 1 Soft Yellow,86 080
Модульный диван Риббл-2 Bucle Lilac,135 430
Диван угловой Биани-1 Barhat Blue,89 240
Диван Нумо Мини Textile Silver,26 240
Диван Самми Velvet Midnight,36 740
Диван Пайпел-3 Bucle Forest,62 990
Диван Пайпел-3 Bucle White,62 990
Диван угловой Майнап Velvet Latte,52 490
Диван Ольен Мини Velvet Latte,57 740
Диван Виенсо Bucle Cloud,83 990
Диван Маре Мини Velvet Yellow,29 390
Диван угловой Онте Bucle Mint,115 490
Диван Лофт Linia Navy Blue,48 290
Модульный диван Brera-6 Velour Lilac,180 560
Диван Милкен Velvet Yellow,48 290
Диван угловой Льери Barhat Blue,103 940
Диван Тут Рядом Космос Светло-Бежевый,125 990
Диван Ниса Land Forest,52 490
Диван Маркфул Velvet Blue,70 340
Диван Тут Рядом Дом Синий,76 640
Диван Саннес Velvet Grey,52 490
Диван Динс Мини Velvet Silver,52 490
Модульный диван Brera-4 Velour Lilac,170 070
Диван Кинси-3 Land Navy Blue,66 140
Диван Brera Velour Galaxy,103 940
Диван угловой Майнап Velvet Grey,52 490
Диван Кела Мини Velvet Olive,41 990
Диван Тут Рядом Дом Серо-графитовый,76 640
Кушетка Дилси Textile Silver,39 890
Диван Майнап Velvet Grafit,49 340
Модульный диван Brera-8 Velour Black,130 170
Диван Риббл-7 Bucle Eclipce,54 590
Модульный диван Полан-2 Velvet Smoke,98 660
Модульный диван Brera-2 Bucle Beige,140 680
Диван Хевит Velvet Terra,41 990
Модульный диван Риббл-5 Bucle Eclipce,204 710
Диван угловой Онте Textile Grey,136 490
Диван Порту Textile Light,27 290
Модульный диван Brera-8 Velour Stone,130 170
Диван Кела Мини Velvet Mint,41 990
Диван угловой Спейс-1 Velvet Grey,73 490
Диван угловой Эби-1 Velvet Blue,76 640
Диван Риббл-2 Bucle Mint,72 440
Модульный диван Brera-2 Velour Cherry,111 280
Диван Хевит Velvet Yellow,41 990
Модульный диван Brera-5 Bucle Beige,162 730
Диван Кейсес Velvet Navy Blue,28 340
Диван Виена Velvet Light,68 240
Диван Лесли Velvet Yellow,49 340
Диван Бонс-Т Velvet Yellow,47 240
Диван Тилар Textile Navy Blue,31 490
Диван угловой Амрано Velvet Blue,45 140
Диван Лави Velvet Eclipse,46 190
Диван угловой Эби-1 Velvet Coral,76 640
Диван Риен Velvet Terra,57 740
Диван Льери Мини Velvet Coral,68 240
Диван угловой Дисент-2 Soft Silver,146 990
Диван угловой Дисент-2 Velvet Smoke,115 490
Диван угловой Спейс-1 Soft Navy Blue,73 490
Диван Лесли Velvet Red,49 340
Диван угловой Харинг Soft Terra,97 640
Диван Роттердам-3 Velvet Olive,34 640
Диван угловой Вайвел Barhat Beige,94 490
Диван Милкен Vertical Lavender,48 290
Диван угловой Маркфул Velvet Yellow,83 990
Модульный диван Brera-1 Velour Cinnamon,213 100
Диван угловой Шера Velvet Stone,108 140
Диван Лачи Velvet Pink,32 540
Модульный диван Нолан-B 2 Soft Latte,96 050
Модульный диван Риббл-2 Bucle Grafit,135 430
Модульный диван Сэндж 3 Textile Light,91 310
Диван Маркфул Velvet Emerald,70 340
Модульный диван Риббл-2 Bucle Forest,135 430
Диван Эрвин-2 Light,32 540
Диван угловой Ройн Мини Velvet Smoke,45 140
Модульный диван Полан-4 Velvet Ocean,106 010
Диван Brera Velour Caramel,103 940
Диван Хевит Velvet Beige,41 990
Диван Винси Textile Ginger,26 240
Модульный диван Brera-8 Velour Olive,130 170
Диван Эрвин-2 Black,32 540
Диван угловой Льери Barhat Silver,103 940
Модульный диван Brera-8 Velour Caramel,130 170
Диван Биани Barhat Latte,78 740
Диван угловой Плэнтис Velvet Smoke,103 940
Диван Риард-3 Land Light,52 490
Модульный диван Нолан-B 4 Soft Grafit,153 780
Диван Порту Textile Silver,27 290
Диван угловой Мисл-1 Barhat Mint,115 490
Диван Риббл-10 Bucle Grafit,88 190
Диван Сорен Textile Plum,68 240
Диван угловой Ситено Barhat Blue,73 490
Диван Самми Velvet Coral,36 740
Модульный диван Риббл-4 Bucle Eclipce,161 670
Диван угловой Биани-2 Barhat Night,103 940
Диван Лави Velvet Terra,46 190
Диван Бонент Velvet Plum,80 840
Диван Рейли Velvet Coral,36 740
Диван Риард-3 Land Stone,52 490
Модульный диван Brera-8 Bucle Beige,164 820
Диван Картос Velvet Mint,57 740
Диван угловой Эдвин Velvet Smoke,73 490
Диван Види Textile Grey,27 290
Диван Мона Velvet Grey,31 490
Диван Кареро Bucle Smoky,87 140
Диван Эрвин-2 Red,32 540
Диван Пайпел Bucle Beige,57 740
Диван Ольен Мини Cozy Ivory,68 240
Модульный диван Сэндж 2 Textile Grey,68 220
Модульный диван Нолан-B 2 Soft Jungle,96 050
Модульный диван Сэндж 3 Textile Ocean,91 310
Диван Лави Velvet Pink,46 190
Диван Боско-3 Land Forest,57 740
Диван Стаус Мини Textile Coral,26 240
Модульный диван Сэндж 2 Textile Sky,68 220
Диван Спейс-2 Velvet Olive,94 490
Модульный диван Риббл-3 Bucle Eclipce,161 670
Диван Мейлон Velvet Yellow,50 390
Кушетка Манс Velvet Mint,34 640
Модульный диван Этен Vertical Milk,86 060
Диван Лави Velvet Moss,46 190
Диван угловой Эби-2 Velvet Olive,103 940
Диван Спейс Velvet Terra,68 240
Диван угловой Виена Velvet Eclipse,73 490
Диван угловой Шера Velvet Terra,108 140
Диван Леймарк Velvet Wet Sand,52 490
Диван Талас Velvet Grey,41 990
Диван Риард-2 Land Black,45 140
Диван Види Textile Yellow,27 290
Диван Гарди Soft Night,36 740
Диван Ситено Barhat Light,62 990
Кушетка Дилси Textile Yellow,39 890
Диван Картос Velvet Olive,57 740
Диван Милкен Velvet Mint,48 290
Диван Маркфул Velvet Light,70 340
Диван Ларонсо Textile Grafit,94 490
Диван Сваут Velvet Terra,68 240
Диван угловой Лаберт Barhat Beige,115 490
Диван угловой Дисент-1 Soft Jungle,101 840
Диван Динс Velvet Yellow,57 740
Диван Инес Vertical Light,45 140
Кушетка Тут Рядом Космос Синий,102 890
Диван Ситено Barhat Ginger,62 990
Диван Саннес Velvet Mint,52 490
Диван Риббл-7 Bucle Forest,54 590
Диван угловой Бруквиль Velvet Terra,62 990
Диван Коренс-3 Happy Mint,37 790
Диван угловой Лаберт Barhat Grafit,115 490
Диван угловой Нордика мини Velvet Light,62 990
Модульный диван Нолан-B 2 Soft Yellow,96 050
Модульный диван Риббл-5 Bucle Mint,204 710
Кушетка Норфолк Velvet Mint,27 290
Кушетка Берил Velvet Coral,40 940
Диван угловой Аллаум Linia Beige,55 640
Диван Роттердам Velvet Violet,28 340
Диван Риббл-7 Bucle Mint,54 590
Диван Риард-3 Land Forest,52 490
Диван Риббл-1 Bucle Lilac,72 440
Диван Сваут Velvet Moss,68 240
Диван угловой Маркфул Velvet Coral,83 990
Диван угловой Бонент Velvet Light,94 490
Диван угловой Спейс-2 Velvet Olive,103 940
Диван угловой Мисл-1 Barhat Stone,115 490
Диван угловой Беллер Textile Navy Blue,45 140
Диван Кейсес Velvet Olive,28 340
Диван Коренс Happy Mint,32 540
Модульный диван Нолан-B 5 Soft Latte,208 370
Диван Риббл-1 Bucle Eclipce,72 440
Модульный диван Нолан-B 1 Soft Jungle,86 080
Диван Кинси-2 Land Navy Blue,57 740
Диван Массе Velvet Olive,62 990
Диван угловой Дисент-1 Soft Terra,101 840
Диван угловой Онте Bucle Eclipse,115 490
Диван угловой Вайвел Barhat Forest,94 490
Диван Маркфул Velvet Grey,70 340
Диван угловой Харинг Soft Jungle,97 640
Диван угловой Нумо Velvet Light,50 390
Диван Тут Рядом Дом Оранжевый,76 640
Диван угловой Мейлон Velvet Olive,53 540
Диван Роттердам-3 Velvet Silver,34 640
Диван Данста Velvet Mint,70 340
Модульный диван Этен 3 Vertical Terra,147 990
Диван Рейли Velvet Silver,36 740
Диван Динс Velvet Silver,57 740
Диван Стаус Мини Textile Light,26 240
Модульный диван Полан-4 Velvet Light,106 010
Диван Арклоу Soft Blue,59 840
Модульный диван Brera-2 Velour Olive,111 280
Диван угловой Онте Bucle White,115 490
Диван Лачи Velvet Navy Blue,32 540
Диван угловой Биани-2 Barhat Beige,103 940
Диван Лейсон Velvet Yellow,52 490
Диван угловой Дисент-2 Soft Ginger,146 990
Диван Терм Velvet Beige,73 490
Модульный диван Этен 5 Vertical Terra,81 860
Диван угловой Динс Velvet Milk,62 990
Диван Нумо Velvet Pink,39 890
Диван Рон Textile Ocean,57 740
Диван угловой Лилле Velvet Atlantic,62 990
Диван угловой Эдвин Velvet Stone,73 490
Диван Мейлон Velvet Stone,50 390
Диван Линс Velvet Yellow,33 590
Диван Бонент Velvet Grey,80 840
Модульный диван Риббл-5 Bucle Grafit,204 710
Диван угловой Вайвел Barhat Night,94 490
Диван Хевит Velvet Smoke,41 990
Модульный диван Нолан-B 1 Soft Latte,86 080
Кушетка Ринт Bucle Forest,22 040
Диван Эби Мини Linia Stone,59 840
Модульный диван Brera-4 Velour Beige,170 070
Диван угловой Льери Мини Velvet Emerald,73 490
Диван Кела Мини Velvet Navy Blue,41 990
Диван Майнап Velvet Grey,49 340
Диван Маркфул Velvet Ocean,70 340
Диван угловой Порту Textile Brown,34 640
Диван угловой Бруквиль Velvet Blue,62 990
Диван угловой Ситено Barhat Ginger,73 490
Кушетка Тут Рядом Космос Зеленый,102 890
Диван Роттердам-3 Cozy Milk,36 740
Диван Соланс Velvet Sand,31 490
Диван угловой Бонент Velvet Terra,94 490
Диван Тилар Textile Yellow,31 490
Диван Нумо Мини Velvet Ginger,24 140
Диван Инес Vertical Beige,45 140
Диван Викс Textile Yellow,23 090
Диван Эби Velvet Smoke,68 240
Диван угловой Биани-1 Barhat Night,89 240
Диван Кинси-2 Land Light,57 740
Диван угловой Шера Velvet Grey,108 140
Диван Лейсон Velvet Blue,52 490
Диван Риббл-11 Bucle Grafit,88 190
Модульный диван Этен 1 Vertical Milk,121 750
Диван Дара Velvet Latte,41 990
Диван Марей Soft Latte,94 490
Диван Эрвин-2 White,32 540
Модульный диван Сэндж 1 Textile Grey,75 570
Диван Соланс Velvet Blue,31 490
Диван Лонди Cozy Ginger,55 640
Кушетка Дилси Textile Light,39 890
Диван угловой Виллес Velvet Smoke,59 840
Диван Бонент Velvet Moss,80 840
Диван угловой Сайле Barhat Stone,146 990
Диван Тут Рядом Космос Графитовый,125 990
Диван Гарди Soft Toffe,36 740
Диван Риббл-2 Bucle Grafit,72 440
Модульный диван Сэндж 3 Textile Yellow,91 310
Модульный диван Нолан-B 5 Soft Yellow,208 370
Кушетка Интори Soft Yellow,30 440
Диван Риббл-1 Bucle Grafit,72 440
Диван угловой Эби-2 Velvet Smoke,103 940
Диван угловой Ларонсо Soft Terra,115 490
Диван Роттердам Velvet Silver,27 290
Диван Майнап Velvet Latte,49 340
Диван Терм Velvet Stone,73 490
Диван Виена Velvet Corall,68 240
Кушетка Кото Cozy Dove,49 340
Диван Сваут Velvet Emerald,68 240
Диван угловой Аронт Мини Velvet Smoke,61 940
Диван Леймарк мини Barhat Beige,49 340
Модульный диван Нолан-B 3 Soft Night,120 720
Диван угловой Вайвел Barhat Caramel,94 490
Диван Биани Cozy Ivory,94 490
Модульный диван Полан-2 Velvet Terra,98 660
Диван угловой Маркфул Velvet Blue,83 990
Диван Тут Рядом Дом Желтый,76 640
Диван Сите-2 Velvet Smoke,34 640
Модульный диван Этен 6 Vertical Mint,87 110
Кушетка Венето Velvet Green,40 940
Диван Эби Velvet Grey,68 240
Диван Ситено Barhat Emerald,62 990
Диван угловой Беллер Textile Light,45 140
Диван угловой Дисент-1 Soft Grey,101 840
Диван Риббл-2 Bucle Forest,72 440
Диван Инес Vertical Grey,45 140
Модульный диван Полан-2 Velvet Ocean,98 660
Диван Лонди Cozy Ivory,55 640
Диван Линс Velvet Emerald,33 590
Модульный диван Этен 2 Vertical Jeance,157 440
Модульный диван Полан-3 Velvet Caramel,76 610
Диван Эрвин-3 Brown,40 940
Диван Пайпел-3 Bucle Grafit,62 990
Диван угловой Слипсон Velvet Milk,70 340
Диван угловой Льери Мини Velvet Coral,73 490
Диван Бонент Velvet Smoke,80 840
Диван Лонди Mima Pink,94 490
Модульный диван Полан-5 Velvet Smoke,134 350
Диван Сторм Land Milk,62 990
Диван Милкен Velvet Red,48 290
Диван угловой Вильен мини Velvet Eclipse,62 990
Диван угловой Майнап Velvet Yellow,52 490
Диван угловой Вильен мини Velvet Smoke,62 990
Кушетка Оренте Soft Yellow,49 340
Диван угловой Лаберт Barhat Blue,115 490
Диван угловой Сайле Barhat Light,146 990
Диван Лилле Velvet Light,52 490
Модульный диван Brera-1 Velour Caramel,213 100
Диван Эрвин-3 Red,40 940
Диван Клаймар Velvet Grey,59 840
Диван Бруквиль Velvet Terra,52 490
Диван Роттердам-3 Velvet Violet,34 640
Диван угловой Аронт Мини Velvet Terra,61 940
Диван Риард-2 Land Forest,45 140
Диван Линс Velvet Pink,33 590
Диван Саннес Velvet Terra,52 490
Диван Инес Vertical Silver,45 140
Диван Льери Мини Velvet Atlantic,68 240
Модульный диван Полан-4 Cozy Ivory,129 110
Диван Тут Рядом Космос Зеленый,125 990
Кушетка Норфолк Velvet Navy Blue,27 290
Диван Тилар Textile Beige,31 490
Диван Самми Velvet Olive,36 740
Кушетка Мона Velvet Beige,34 640
Диван угловой Плэнтис Velvet Terra,103 940
Модульный диван Нолан-B 1 Soft Night,86 080
Диван угловой Ситено Barhat Stone,73 490
Кушетка Интори Soft Silver,30 440
Диван угловой Спейс-1 Soft Grey,73 490
Диван Рон Textile Grey,57 740
Модульный диван Этен 3 Vertical Milk,147 990
Диван Массе Bucle White,73 490
Диван угловой Эдвин Velvet Light,73 490
Диван Тут Рядом Космос Серый,125 990
Диван Маре Мини Velvet Beige,29 390
Диван Виена Velvet Blue,68 240
Диван угловой Стаус Velvet Smoke,45 140
Диван угловой Ройн Мини Velvet Beige,45 140
Диван угловой Беллер Textile Grafit,45 140
Диван Ольен Velvet Navy Blue,68 240
Диван угловой Сайле Barhat Ginger,146 990
Диван угловой Беллер Textile Ocean,45 140
Диван Динс Мини Velvet Red,52 490
Диван угловой Аллаум Linia Navy Blue,55 640
Модульный диван Brera-4 Velour Cinnamon,170 070
Модульный диван Этен Vertical Jeans,86 060
Диван Боско-2 Land Terra,45 140
Диван Терм Zamsha Ginger,94 490
Диван Гарди Soft Grey,36 740
Диван Brera Bucle Beige,125 990
Диван Клаймар Velvet Stone,59 840
Диван Лофт Linia Ginger,48 290
Диван Эрвин-3 White,40 940
Модульный диван Полан-1 Velvet Light,77 670
Кушетка Оренте Soft Silver,49 340
Модульный диван Полан-3 Velvet Terra,74 510
Диван Рейли Velvet Yellow,36 740
Диван Рон Textile Beige,57 740
Диван угловой Стаус Velvet Olive,45 140
Модульный диван Риббл-1 Bucle Eclipce,80 830
Диван Риббл-10 Bucle Mint,88 190
Диван Сторм Land Grey,62 990
Диван Массе Velvet Mint,62 990
Диван Лофт Linia Silver,48 290
Диван угловой Харинг Soft Night,97 640
Диван Данста Textile Honey,83 990
Диван Нумо Мини Textile Yellow,26 240
Диван Гарди Soft Milk,36 740
Диван Арклоу Cozy Storm,55 640
Диван угловой Нумо Velvet Green,50 390
Диван угловой Плэнтис Velvet Beige,103 940
Кушетка Ринт Bucle Pink,22 040
Модульный диван Риббл-3 Bucle Lilac,161 670
Диван Боско-3 Land Blue,57 740
Диван Гарди Soft Pink,36 740
Диван Кускен Velvet Red,49 340
Диван Нумо Мини Textile Navy Blue,26 240
Диван Леймарк мини Barhat Blue,49 340
Диван Мисл Barhat Rose,83 990
Диван угловой Биани-2 Barhat Blue,103 940
Диван Нумо Velvet Grafit,39 890
Диван Пайпел Bucle Yellow,57 740
Диван Риббл-2 Bucle Lilac,72 440
Кушетка Роби Textile Yellow,20 990
Диван Кареро Bucle Mint,87 140
Диван угловой Слипсон Velvet Emerald,70 340
Модульный диван Полан-1 Velvet Terra,77 670
Диван Риард-3 Land Black,52 490
Диван угловой Амрано Velvet Emerald,45 140
Диван Дара Velvet Lime,41 990
Модульный диван Brera-2 Velour Smoke,111 280
Модульный диван Brera-6 Velour Cherry,180 560
Модульный диван Этен 6 Vertical Jeans,87 110
Диван Мона Velvet Beige,31 490
Диван Коренс Happy Yellow,32 540
Модульный диван Сэндж 2 Textile Yellow,68 220
Модульный диван Этен 4 Vertical Milk,214 120
Диван Коренс-3 Bucle White,49 340
Диван Майнап Velvet Light,49 340
Диван Гарди Soft Jungle,36 740
Диван Кускен Velvet Yellow,49 340
Диван угловой Биани-1 Cozy Ivory,103 940
Диван Мона Velvet Yellow,31 490
Диван Лави Velvet Smoke,46 190
Модульный диван Полан-1 Velvet Smoke,77 670
Диван угловой Лаберт Barhat Forest,115 490
Диван Мира Velvet Yellow,45 140
Диван угловой Льери Barhat Beige,103 940
Диван угловой Аллаум Linia Silver,55 640
Диван Сторм Land Latte,62 990
Модульный диван Полан-5 Velvet Light,134 350
Диван Леймарк мини Barhat Terra,49 340
Кушетка Берил Velvet Ocean,40 940
Диван Риен Velvet Beige,57 740
Диван угловой Дарол Velvet Navy Blue,68 240
Диван Льери Barhat Silver,83 990
Диван Риббл-6 Bucle Mint,54 590
Кушетка Венето Velvet Poudre,40 940
Диван Лейсон Velvet Mint,52 490
Диван Динс Velvet Navy Blue,57 740
Диван угловой Порту Textile Yellow,34 640
Модульный диван Риббл-4 Bucle Grafit,161 670
Диван Рейли Velvet Grey,36 740
Диван Риббл-1 Bucle White,72 440
Диван угловой Ройн Мини Velvet Terra,45 140
Диван угловой Аронт Мини Velvet Grey,61 940
Диван угловой Бруквиль Velvet Grey,62 990
Диван Кела Мини Velvet Beige,41 990
Диван Марей Soft Olive,94 490
Диван Ольен Мини Velvet Sand,57 740
Диван угловой Шера Velvet Light,108 140
Диван Нумо Velvet Light,39 890
Диван угловой Маркфул Velvet Light,83 990
Модульный диван Полан-5 Velvet Moss,134 350
Диван Сите-3 Velvet Coral,41 990
Модульный диван Риббл-5 Bucle Lilac,204 710
Диван Кускен Velvet Sand,49 340
Диван Боско-2 Land Blue,45 140
Диван Кинси-3 Land Grafit,66 140
Диван Ольен Velvet Yellow,68 240
Кушетка Интори Soft Jungle,30 440
Диван Спейс-2 Velvet Blue,94 490
Модульный диван Нолан-B 3 Soft Grafit,120 720
Модульный диван Brera-3 Velour Cinnamon,119 670
Диван угловой Нумо Velvet Yellow,50 390
Диван Мира Velvet Grey,45 140
Диван Леймарк Velvet Beige,52 490
Модульный диван Этен 2 Vertical Milk,157 440
Диван Пайпел Bucle Forest,57 740
Диван угловой Порту Textile Grafit,34 640
Диван угловой Виена Velvet Light,73 490
Модульный диван Brera-1 Bucle Beige,269 800
Диван Коренс Bucle White,40 940
Диван Ларонсо Soft Pearl,89 240
Диван Види Textile Light,27 290
Диван Лонди Bucle Marble,55 640
Кушетка Манс Velvet Grey,34 640
Диван угловой Майнап Velvet Grafit,52 490
Диван Шилдс Textile Ginger,91 340
Диван Роттердам Velvet Blue,28 340
Кушетка Оренте Soft Latte,49 340
Диван Риард-3 Land Marsala,52 490
Модульный диван Риббл-3 Bucle Forest,161 670
Модульный диван Нолан-B 5 Soft Milk,208 370
Диван угловой Эби-1 Happy Light,76 640
Модульное кресло Полан Velvet Moss,46 170
Диван Слипсон Мини Linia Olive,47 240
Модульный диван Brera-5 Velour Galaxy,127 030
Модульный диван Нолан-B 4 Soft Night,153 780
Модульный диван Brera-5 Velour Mix,127 030
Диван угловой Виллес Velvet Beige,59 840
Диван Порту Textile Grafit,27 290
Диван Сорен Textile Grey,68 240
Модульный диван Этен Vertical Mint,86 060
Диван угловой Вайвел Barhat Ginger,94 490
Диван Льери Мини Velvet Light,68 240
Диван Види Textile Navy Blue,27 290
Диван Бруквиль Velvet Smoke,52 490
Модульный диван Этен Vertical Terra,86 060
Диван Рейли Velvet Emerald,36 740
Диван Стаус Velvet Stone,32 540
Модульный диван Brera-7 Velour Stone,186 870
Диван Слипсон Мини Linia Beige,47 240
Диван Нумо Мини Textile Sky,26 240
Кушетка Кото Cozy Beige,49 340
Диван Милкен Vertical Jeans,48 290
Диван Тут Рядом Дом Сине-бежевый,76 640
Кушетка Тут Рядом Космос Графитовый,102 890
Диван Саннес Velvet Olive,52 490
Диван Виенсо Bucle Ginger,83 990
Диван Лилле Velvet Grey,52 490
Диван Лилле Velvet Stone,52 490
Диван угловой Вильен мини Velvet Olive,62 990
Модульный диван Риббл-1 Bucle Forest,80 830
Диван угловой Сайле Barhat Navy Blue,146 990
Диван Сорен Textile Navy Blue,68 240
Диван Ниса Land Marsala,52 490
Модульное кресло Полан Velvet Light,46 170
Диван Пайпел-3 Bucle Beige,62 990
Модульный диван Этен 6 Vertical Light,87 110
Диван Сваут Velvet Grey,68 240
Кушетка Норфолк Velvet Pink,27 290
Диван угловой Биани-2 Barhat Latte,103 940
Диван Марей Soft Ginger,94 490
Диван Эби Мини Linia Silver,59 840
Модульный диван Brera-6 Bucle Beige,234 110
Кушетка Норфолк Velvet Light,27 290
Диван Риббл-6 Bucle Forest,54 590
Диван Кела Мини Velvet Silver,41 990
Диван угловой Нордика мини Velvet Yellow,62 990
Диван угловой Ситено Barhat Light,73 490
Диван Винси Soft Navy Blue,24 140
Диван Клаймар Velvet Blue,59 840
Диван Шилдс Textile Night,91 340
Диван Стаус Velvet Grey,32 540
Диван Картос Velvet Yellow,57 740
Модульный диван Риббл-2 Bucle Eclipce,135 430
Диван Риббл-11 Bucle Lilac,88 190
Диван Дара Velvet Milk,41 990
Диван Рейли Velvet Light,36 740
Кушетка Берил Velvet Olive,40 940
Диван Сторм Land Forest,62 990
Диван Кинси-3 Land Black,66 140
Диван угловой Эдвин Velvet Grey,73 490
Диван Спейс Soft Navy Blue,68 240
Диван Гарди Soft Terra,36 740
Диван Лофт Linia Yellow,48 290
Кушетка Олтен Textile Grafit,34 640
Диван Рон Textile Yellow,57 740
Диван угловой Маркфул Velvet Grey,83 990
Диван Сорен Textile Beige,68 240
Диван Леймарк мини Barhat Olive,49 340
Диван Лесли Velvet Sand,49 340
Кушетка Оренте Soft Mint,49 340
Диван Винси Soft Olive,24 140
Диван Риард-2 Land Marsala,45 140
Модульный диван Сэндж 3 Textile Sky,91 310
Диван Кейсес Velvet Yellow,28 340
Кушетка Дилси Textile Grafit,39 890
Диван Данста Textile Gold,83 990
Кушетка Норфолк Velvet Grafit,27 290
Модульный диван Нолан-B 3 Soft Grey,120 720
Диван угловой Ларонсо Soft Blue,115 490
Диван Риард-2 Land Stone,45 140
Диван угловой Вильен мини Velvet Caramel,62 990
Диван угловой Льери Мини Velvet Yellow,73 490
Диван угловой Виллес Velvet Olive,59 840
Диван Кинси-2 Land Marsala,57 740
Модульный диван Brera-2 Velour Mix,111 280
Диван угловой Бонент Velvet Grey,94 490
Диван угловой Лилле Velvet Light,62 990
Диван Динс Мини Velvet Yellow,52 490
Кушетка Олтен Textile Forest,34 640
Диван Льери-1 Soft Grey,62 990
Диван угловой Аллаум Linia Mint,55 640
Диван Стаус Мини Textile Silver,26 240
Модульный диван Brera-8 Velour Mix,130 170
Диван Льери-1 Soft Latte,62 990
Диван Леймарк мини Barhat Smoke,49 340
Диван Риббл-11 Bucle Forest,88 190
Диван Ольен Мини Velvet Silver,57 740
Диван Сваут Velvet Beige,68 240
Диван Данста Velvet Smoke,70 340
Диван угловой Бонент Velvet Moss,94 490
Диван Порту Мини Textile Beige,26 240
Модульный диван Сэндж 2 Textile Light,68 220
Диван Риббл-6 Bucle Grafit,54 590
Диван Дисент Velvet Stone,83 990
Диван угловой Льери Мини Velvet Light,73 490
Диван Риббл-10 Bucle Eclipce,88 190
Диван Винси Soft Grey,24 140
Модульное кресло Полан Cozy Ivory,59 820
Диван угловой Эби-2 Velvet Blue,103 940
Диван угловой Нордика мини Velvet Olive,62 990
Диван Льери-1 Soft Ocean,62 990
Модульный диван Brera-8 Velour Lilac,130 170
Диван Стаус Мини Textile Grafit,26 240
Диван Риен Velvet Blue,57 740
Диван Спейс Velvet Beige,68 240
Диван Боско-3 Land Grey,57 740
Модульный диван Brera-6 Velour Caramel,180 560
Диван Риббл-10 Bucle Lilac,88 190
Диван Клаймар Velvet Beige,59 840
Диван Викс Textile Coral,23 090
Диван Порту Мини Textile Silver,26 240
Диван угловой Виена Velvet Corall,73 490
Диван Соланс Velvet Lime,31 490
Диван Эби Velvet Blue,68 240
Диван угловой Харинг Soft Milk,97 640
Диван угловой Виллес Velvet Blue,59 840
Диван Роттердам-3 Velvet Yellow,34 640
Диван Бруквиль Velvet Beige,52 490
Кушетка Дилси Textile Blue,39 890
Модульный диван Сэндж 2 Textile Ocean,68 220
Диван Майнап Velvet Navy Blue,49 340
Модульный диван Полан-3 Velvet Light,74 510
Диван Лейсон Velvet Coral,52 490
Диван угловой Мейлон Velvet Smoke,53 540
Диван угловой Вайвел Barhat Blue,94 490
Диван Эби Мини Linia Pink,59 840
Диван Ларонсо Soft Terra,89 240
Диван угловой Амрано Velvet Grey,45 140
Диван Лави Velvet Beige,46 190
Диван угловой Онте Textile Night,136 490
Диван Бруквиль Cozy Ivory,66 140
Диван угловой Биани-1 Barhat Latte,89 240
Диван Спейс-2 Velvet Terra,94 490
Диван Кинси-2 Land Black,57 740
Диван угловой Ройн Мини Velvet Blue,45 140
Модульный диван Brera-3 Velour Mix,119 670
Кушетка Манс Velvet Coral,34 640
Модульный диван Риббл-1 Bucle Beige,80 830
Диван угловой Плэнтис Velvet Plum,103 940
Модульный диван Полан-3 Velvet Smoke,74 510
Диван угловой Эби-1 Velvet Smoke,76 640
Диван Порту Textile Yellow,27 290
Диван Сите-3 Barhat Beige,41 990
Диван угловой Плэнтис Soft Light,131 240
Диван Порту Мини Textile Yellow,26 240
Диван угловой Харинг Soft Grey,97 640
Диван Риард-2 Land Sky,45 140
Диван угловой Слипсон Velvet Plum,70 340
Диван Сорен Textile Ocean,68 240
Кушетка Венето Velvet Blue,40 940
Кушетка Кото Cozy Ginger,49 340
Диван Льери-1 Soft Olive,62 990
Диван Спейс Velvet Grey,68 240
Диван Бонс-Т Velvet Silver,47 240
Диван Кейсес Velvet Grafit,28 340
Диван Бруквиль Velvet Grey,52 490
Диван Эби Happy Mint,62 990
Диван Лачи Velvet Beige,32 540
Модульный диван Brera-1 Velour Plum,213 100
Диван Пайпел-3 Bucle Yellow,62 990
Диван Риббл-6 Bucle Eclipce,54 590
Диван Сорен Textile Light,68 240
Диван Стаус Мини Textile Blue,26 240
Модульный диван Риббл-5 Bucle Forest,204 710
Диван Эби Мини Linia Beige,59 840
Диван Мона Velvet Blue,31 490
Модульный диван Риббл-2 Bucle Mint,135 430
Диван угловой Дисент-1 Soft Night,101 840
Диван угловой Майнап Velvet Olive,52 490
Модульный диван Нолан-B 4 Soft Latte,153 780
Диван угловой Амрано Velvet Caramel,45 140
Диван Эрвин-3 Grey,40 940
Модульный диван Brera-7 Velour Lilac,186 870
Диван Рон Textile Grafit,57 740
Модульный диван Brera-5 Velour Caramel,127 030
Диван Боско-3 Land Milk,57 740
Диван Коренс Happy Grey,32 540
Модульный диван Риббл-1 Bucle Lilac,80 830
Диван Кейсес Velvet Pink,28 340
Диван угловой Спейс-1 Velvet Terra,73 490
Модульный диван Нолан-B 5 Soft Jungle,208 370
Модульный диван Нолан-B 2 Soft Milk,96 050
Диван угловой Бруквиль Cozy Ivory,78 740
Диван угловой Мисл-1 Barhat Beige,115 490
Диван Нумо Velvet Yellow,39 890
Диван Риббл-1 Bucle Mint,72 440
Модульный диван Этен 6 Vertical Terra,87 110
Диван Риббл-10 Bucle Forest,88 190
Модульный диван Сэндж 1 Textile Light,75 570
Диван Леймарк Velvet Silver,52 490
Диван Коренс Happy Grafit,32 540
Диван Ольен Мини Velvet Emerald,57 740
Диван Кинси-3 Land Light,66 140
Кушетка Манс Velvet Blue,34 640
Диван Слипсон Velvet Plum,62 990
Модульный диван Полан-4 Velvet Caramel,108 110
Диван Бонент Velvet Terra,80 840
Диван угловой Стаус Velvet Terra,45 140
Диван Лофт Linia Stone,48 290
Модульный диван Полан-2 Velvet Moss,98 660
Диван Сите-2 Velvet Coral,34 640
Диван Виенсо Bucle Milk,83 990
Диван Инес Vertical Mint,45 140
Диван угловой Нумо Velvet Grey,50 390
Диван Байма Velvet Plum,73 490
Модульный диван Полан-3 Velvet Moss,74 510
Диван Пайпел Bucle Blue,57 740
Диван угловой Льери Мини Velvet Blue,73 490
Модульный диван Brera-6 Velour Beige,180 560
Диван Лейсон Velvet Smoke,52 490
Диван угловой Майнап Velvet Light,52 490
Диван угловой Лилле Velvet Stone,62 990
Диван Кареро Bucle Cloud,87 140
Диван угловой Плэнтис Bucle Beige,131 240
Диван Арклоу Soft Latte,59 840
Диван Brera Velour Cinnamon,103 940
Кушетка Мона Velvet Blue,34 640
Модульный диван Нолан-B 2 Soft Grey,96 050
Модульный диван Нолан-B 3 Soft Milk,120 720
Диван Дисент Soft Silver,103 940
Диван угловой Биани-1 Barhat Smoke,89 240
Диван Динс Мини Velvet Navy Blue,52 490
Диван Риббл-6 Bucle Beige,54 590
Диван угловой Порту Textile Ocean,34 640
Диван Боско-2 Land Forest,45 140
Кушетка Норфолк Velvet Yellow,27 290
Диван угловой Эби-2 Velvet Light,103 940
Модульный диван Brera-3 Velour Lilac,119 670
Диван Льери Barhat Beige,83 990
Диван угловой Бруквиль Velvet Beige,62 990
Диван угловой Спейс-1 Velvet Beige,73 490
Кушетка Интори Soft Pink,30 440
Кушетка Ринт Bucle Blue,22 040
Модульный диван Brera-5 Velour Cinnamon,127 030
Диван Биани Barhat Olive,78 740
Диван угловой Льери Мини Velvet Terra,73 490
Диван угловой Нумо Velvet Pink,50 390
Модульное кресло Полан Velvet Terra,46 170
Модульный диван Полан-5 Velvet Terra,134 350
Модульный диван Нолан-B 5 Soft Grafit,208 370
Диван угловой Спейс-2 Soft Navy Blue,103 940
Модульный диван Brera-5 Velour Smoke,127 030
Кушетка Ринт Bucle White,22 040
Диван Мона Velvet Olive,31 490
Модульный диван Brera-5 Velour Stone,127 030
Диван Линс Velvet Grafit,33 590
Диван Стаус Мини Textile Navy Blue,26 240
Диван угловой Ситено Barhat Emerald,73 490
Диван Brera Velour Stone,103 940
Модульный диван Этен 4 Vertical Mix,214 120
Кушетка Манс Velvet Beige,34 640
Модульный диван Brera-7 Velour Black,186 870
Диван Дисент Velvet Smoke,83 990
Диван Лилле Velvet Terra,52 490
Диван угловой Вильен мини Velvet Grey,62 990
Модульный диван Сэндж 1 Textile Ocean,75 570
Диван угловой Виллес Velvet Grey,59 840
Диван Ольен Velvet Terra,68 240
Кушетка Роби Textile Blue,20 990
Диван Риббл-7 Bucle Grafit,54 590
Диван Спейс-2 Velvet Smoke,94 490
Диван Маркфул Velvet Yellow,70 340
Кушетка Олтен Bucle Shadow,36 740
Диван Бонент Velvet Light,80 840
Модульный диван Сэндж 1 Textile Sky,75 570
Диван Клаймар Velvet Moss,59 840
Диван Милкен Velvet Sand,48 290
Диван Лилле Velvet Atlantic,52 490
Диван Биани Barhat Blue,78 740
Модульный диван Этен 1 Vertical Jeans,121 750
Диван Ниса Land Stone,52 490
Диван Боско-2 Land Grey,45 140
Модульный диван Нолан-B 4 Soft Jungle,153 780
Диван угловой Ларонсо Soft Silver,115 490
Модульный диван Риббл-4 Bucle Mint,161 670
Модульный диван Brera-3 Velour Night,119 670
Диван Мона Velvet Coral,31 490
Диван Льери Мини Bucle White,75 590
Диван Динс Velvet Milk,57 740
Диван угловой Дисент-1 Soft Yellow,101 840
Диван Леймарк мини Barhat Latte,49 340
Диван Види Textile Corall,27 290
Диван угловой Бонент Velvet Eclipse,94 490
Модульный диван Полан-4 Velvet Terra,106 010
Диван Лейсон Velvet Beige,52 490
Диван Тут Рядом Космос Синий,125 990
Диван Эби Мини Linia Yellow,59 840
Кушетка Оренте Soft Sky,49 340
Диван угловой Дисент-2 Velvet Stone,115 490
Диван Тут Рядом Дом Розовый,76 640
Диван Слипсон Мини Linia Ginger,47 240
Модульный диван Нолан-B 3 Soft Latte,120 720
Диван угловой Стаус Velvet Caramel,45 140
Диван Brera Velour Olive,103 940
Диван Виенсо Bucle Smoky,83 990
Модульный диван Этен 5 Vertical Mint,81 860
Диван угловой Спейс-2 Velvet Grey,103 940
Диван угловой Мейлон Velvet Stone,53 540
Диван Шилдс Textile Azure,91 340
Кушетка Кото Cozy Latte,49 340
Диван угловой Нордика мини Velvet Smoke,62 990
Диван Кинси-2 Land Grafit,57 740
Диван угловой Амрано Velvet Coral,45 140
Кушетка Интори Soft Toffe,30 440
Диван угловой Аллаум Linia Lavender,55 640
Диван Риббл-7 Bucle Lilac,54 590
Диван угловой Стаус Velvet Grey,45 140
Диван Слипсон Velvet Silver,62 990
Диван Винси Soft Light,24 140
Диван угловой Маркфул Velvet Ocean,83 990
Диван Слипсон Velvet Honey,62 990
Диван Арклоу Soft Ginger,59 840
Модульный диван Полан-3 Cozy Ivory,94 460
Диван Риббл-2 Bucle Eclipce,72 440
Диван Леймарк Velvet Grafit,52 490
Диван угловой Порту Textile Silver,34 640
Диван Коренс-3 Happy Grafit,37 790
Кушетка Тут Рядом Космос Светло-Бежевый,102 890
Диван Стаус Velvet Terra,32 540
Модульный диван Полан-1 Velvet Moss,77 670
Диван Ниса Land Navy Blue,52 490
Диван Шилдс Bucle Beige,91 340
Диван угловой Дисент-1 Soft Milk,101 840
Кушетка Мона Velvet Grey,34 640
Модульный диван Риббл-4 Bucle Lilac,161 670
Диван Коренс-3 Happy Light,37 790
Диван Мейлон Velvet Terra,50 390
Диван угловой Мейлон Velvet Yellow,53 540
Диван угловой Биани-2 Barhat Olive,103 940
Диван Шилдс Bucle Silver,91 340
Кушетка Мона Velvet Coral,34 640
Диван угловой Бонент Velvet Plum,94 490
Кушетка Манс Velvet Yellow,34 640
Диван угловой Аронт Мини Velvet Yellow,61 940
Диван угловой Нордика мини Velvet Blue,62 990
Диван угловой Биани-2 Barhat Smoke,103 940
Диван угловой Виена Velvet Smoke,73 490
Модульный диван Полан-4 Velvet Smoke,106 010
Диван угловой Бруквиль Velvet Smoke,62 990
Модульный диван Нолан-B 5 Soft Night,208 370
Диван Сторм Land Terra,62 990
Кушетка Олтен Textile Beige,34 640
Диван Виенсо Bucle Grey,83 990
Модульный диван Полан-5 Velvet Caramel,136 450
Модульный диван Нолан-B 3 Soft Jungle,120 720
Диван Лачи Velvet Emerald,32 540
Диван Кинси-3 Land Marsala,66 140
Модульный диван Нолан-B 1 Soft Milk,86 080
Диван Рон Textile Light,57 740
Диван Слипсон Мини Linia Silver,47 240
Диван Динс Мини Velvet Lime,52 490
Диван Эби Velvet Light,68 240
Диван угловой Лилле Velvet Grey,62 990
Диван Лейсон Velvet Stone,52 490
Диван Ларонсо Soft Latte,89 240
Диван Стаус Velvet Smoke,32 540
Диван угловой Ройн Мини Velvet Olive,45 140
Кушетка Олтен Textile Plum,31 490
Диван угловой Спейс-2 Velvet Beige,103 940
Кушетка Венето Velvet Coral,40 940
Диван Картос Velvet Grey,57 740
Модульный диван Полан-2 Velvet Light,98 660
Диван Марей Soft Navy Blue,94 490
Модульный диван Brera-4 Velour Olive,170 070
Кушетка Роби Textile Light,20 990
Диван Боско-3 Land Terra,57 740
Диван Виена Velvet Olive,68 240
Кушетка Берил Velvet Grey,40 940
Диван Стаус Мини Textile Yellow,26 240
Модульный диван Этен 2 Vertical Mint,157 440
Диван Сите-2 Velvet Eclipse,34 640
Диван Мейлон Velvet Olive,50 390
Диван Самми Velvet Grey,36 740
Диван угловой Эби-1 Velvet Grey,76 640
Диван Дара Velvet Silver,41 990
Диван Льери Мини Velvet Emerald,68 240
Диван угловой Беллер Textile Yellow,45 140
Диван Тилар Textile Grafit,31 490
Модульный диван Этен 4 Vertical Grafit,214 120
Диван Бруквиль Velvet Olive,52 490
Диван Леймарк Velvet Navy Blue,52 490
Модульный диван Этен 3 Vertical Mix,147 990
Диван Льери Barhat Blue,83 990
Диван угловой Льери Barhat Ginger,103 940
Кушетка Манс Velvet Olive,34 640
Диван Слипсон Velvet Olive,62 990
Диван угловой Сайле Velvet Emerald,146 990
Диван угловой Стаус Velvet Blue,45 140
Модульный диван Нолан-B 2 Soft Night,96 050
Кушетка Берил Velvet Mustard,40 940
Диван Риен Velvet Olive,57 740
Диван Маркфул Velvet Coral,70 340
Кушетка Мона Velvet Yellow,34 640
Диван Порту Мини Textile Coral,26 240
Диван Ольен Velvet Silver,68 240
Модульный диван Brera-6 Velour Olive,180 560
Диван Лилле Velvet Emerald,52 490
Диван Боско-2 Land Milk,45 140
Модульный диван Полан-1 Velvet Ocean,77 670
Кушетка Роби Textile Grey,20 990
Диван угловой Спейс-2 Soft Grey,103 940
Диван Сите-3 Velvet Blue,41 990
Диван угловой Нумо Velvet Latte,50 390
Модульный диван Нолан-B 4 Soft Milk,153 780
Диван Сваут Velvet Ocean,68 240
Диван Клаймар Velvet Smoke,59 840
Модульный диван Brera-1 Velour Black,213 100
Диван Эрвин-3 Light,40 940
Диван Картос Velvet Stone,57 740
Диван угловой Аллаум Linia Pink,55 640
Диван Дисент Soft Grafit,103 940
Диван Ниса Land Silver,52 490
Модульный диван Нолан-B 5 Soft Grey,208 370
Диван угловой Эби-1 Velvet Olive,76 640
Модульное кресло Полан Velvet Ocean,46 170
Диван Сите-3 Velvet Smoke,41 990
Диван угловой Эдвин Velvet Blue,73 490
Диван Кейсес Velvet Latte,28 340
Диван угловой Беллер Textile Silver,45 140
Модульный диван Полан-4 Velvet Moss,106 010
Диван угловой Дисент-2 Soft Grafit,146 990
Диван Эрвин-2 Brown,32 540
Диван угловой Виена Bucle Silver,99 740
Диван Сите-2 Velvet Moss,34 640
Диван Льери Barhat Ginger,83 990
Диван Массе Velvet Silver,62 990
Диван Эрвин-3 Black,40 940
Диван Викс Textile Light,23 090
Диван Спейс Soft Grey,68 240
Диван Кускен Vertiсal Jeans,49 340
Диван Слипсон Мини Linia Lavender,47 240
Диван Сорен Textile Grafit,68 240
Диван Леймарк мини Barhat Lilac,49 340
Диван Биани Barhat Smoke,78 740
Диван угловой Аронт Мини Velvet Light,61 940
Диван угловой Льери Мини Velvet Grey,73 490
Модульный диван Brera-6 Velour Smoke,180 560
Диван Пайпел-3 Bucle Blue,62 990
Кушетка Интори Soft Terra,30 440
Модульный диван Нолан-B 1 Soft Grafit,86 080
Диван Порту Мини Textile Brown,26 240
Диван угловой Дисент-2 Bucle White,146 990
Модульный диван Brera-1 Velour Lilac,213 100
Диван угловой Динс Velvet Silver,62 990
Кушетка Дилси Textile Coral,39 890
Модульный диван Этен 3 Vertical Mix,147 990
Модульный диван Brera-3 Bucle Beige,150 120
Диван угловой Биани-1 Barhat Beige,89 240
Модульный диван Этен 5 Vertical Light,81 860
Диван Ниса Land Light,52 490
Диван Мисл Barhat Beige,78 740
Диван Кареро Time Grey,73 490
Диван Риббл-1 Bucle Forest,72 440
Модульный диван Brera-1 Velour Galaxy,213 100
Диван Самми Velvet Emerald,36 740
Модульное кресло Полан Velvet Smoke,46 170
Диван Риен Velvet Stone,57 740
Диван угловой Виллес Velvet Terra,59 840
Модульный диван Сэндж 3 Textile Grey,91 310
Диван Марей Soft Gold,94 490
Диван угловой Бруквиль Velvet Olive,62 990
Диван Инес Vertical Terra,45 140
Диван Винси Textile Gold,26 240
Диван Соланс Velvet Yellow,31 490
Модульный диван Полан-1 Velvet Caramel,79 770
Диван угловой Порту Textile Light,34 640
Модульный диван Brera-4 Velour Cherry,170 070
Диван угловой Мейлон Velvet Beige,53 540
Диван Лачи Velvet Grafit,32 540
Диван Биани Barhat Night,78 740
Диван угловой Амрано Velvet Terra,45 140
Модульный диван Этен 4 Vertical Silver,214 120
Диван Риббл-2 Bucle White,72 440
Диван Динс Velvet Honey,57 740
Диван Риббл-11 Bucle White,88 190
Модульный диван Риббл-2 Bucle Beige,135 430
Диван Кускен Velvet Mint,49 340
Модульный диван Риббл-5 Bucle Beige,204 710
Диван Ольен Happy Grafit,68 240
Диван Лесли Velvet Grey,49 340
Модульный диван Этен 3 Vertical Silver,147 990
Диван Риббл-10 Bucle White,88 190
Диван Милкен Velvet Grey,48 290
Диван Дара Velvet Terra,41 990
Диван Роттердам Cozy Milk,29 390
Диван Соланс Velvet Grey,31 490
Диван Арклоу Soft Mint,59 840
Модульный диван Риббл-3 Bucle White,161 670
Модульный диван Риббл-3 Bucle Beige,161 670
Диван Марей Soft Light,94 490
Диван угловой Дисент-2 Velvet Beige,115 490
Диван Виена Bucle Beige,94 490
Модульный диван Риббл-2 Bucle White,135 430
Модульный диван Этен 2 Vertical Mix,157 440
Диван Тайлин Velvet Yellow,41 990
Модульный диван Этен Vertical Light,86 060
Модульный диван Этен 1 Vertical Mix,121 750
Диван Байма Velvet Navy Blue,73 490
Диван Лесли Velvet Navy Blue,49 340
Диван Кареро Bucle Beige,87 140
Модульный диван Риббл-5 Bucle White,204 710
Диван Байма Velvet Olive,73 490
Диван угловой Динс Velvet Honey,62 990
Диван Риббл-2 Bucle Beige,72 440
Диван Бонс-Т Velvet Navy Blue,47 240
Диван угловой Динс Velvet Terra,62 990
Диван угловой Дарол Velvet Terra,68 240
Диван Риббл-6 Bucle White,54 590
Диван Тилар Textile Plum,31 490
Модульный диван Риббл-4 Bucle Beige,161 670
Диван Риббл-10 Bucle Beige,88 190
Диван Соланс Velvet Honey,31 490
Диван угловой Дарол Velvet Latte,68 240
Модульный диван Этен 6 Vertical Silver,87 110
Модульный диван Этен 1 Vertical Light,121 750
Диван Соланс Velvet Navy Blue,31 490
Диван Шилдс Textile Grey,91 340
Диван Кускен Velvet Grey,49 340
Диван Лесли Velvet Mint,49 340
Модульный диван Этен 1 Vertical Pink,121 750
Диван Риббл-7 Bucle White,54 590
Диван Бонс-Т Velvet Beige,47 240
Модульный диван Этен 1 Vertical Silver,121 750
Диван Спейс Soft Light,68 240
Модульный диван Этен 3 Vertical Mix,147 990
Модульный диван Этен 2 Vertical Silver,157 440
Диван угловой Слипсон Velvet Olive,70 340
Диван угловой Виена Bucle Beige,99 740
Диван Байма Velvet Grey,73 490
Диван Ольен Мини Velvet Honey,57 740
Диван Риббл-11 Bucle Beige,88 190
Диван угловой Сайле Barhat Night,146 990
Диван угловой Слипсон Velvet Honey,70 340
Диван угловой Льери Bucle White,125 990
Диван Риббл-7 Bucle Beige,54 590
Диван Маре Мини Velvet Emerald,29 390
Диван Винси Velvet Mint,24 140
Кушетка Оренте Cozy Milk,49 340
Диван Данста Velvet Grey,70 340
Модульный диван Риббл-1 Bucle White,80 830
Модульный диван Этен 5 Vertical Silver,81 860
Модульный диван Риббл-4 Bucle White,161 670
Диван Дисент Velvet Beige,83 990
Диван Ольен Мини Velvet Mint,57 740
Модульный диван Этен Vertical Beige,86 060
Диван Льери Bucle White,110 240
Диван угловой Дисент-2 Soft Olive,146 990
Кушетка Ринт Cozy Milk,22 040
Диван Бонс-Т Velvet Terra,47 240
Диван Ольен Velvet Olive,68 240
Диван угловой Плэнтис Velvet Mint,103 940
Диван Риббл-1 Bucle Beige,72 440
Диван Бэй Grafit,22 040
Модульный диван Брайт-G 1 Textile Cream,47 330
Модульный диван Брайт-G 2 Textile Cream,66 950
Модульный диван Брайт-G 1 Textile Grey,47 330
Модульный диван Брайт-G 2 Textile Grey,66 950
Модульный диван Брайт-B 1 Textile Beige,47 330
Модульный диван Брайт-B 2 Textile Beige,66 950
Модульный диван Брайт-B 2 Textile Yellow,66 950
Модульный диван Брайт-B 1 Textile Yellow,47 330
Модульный диван Брайт-G 5 Textile Cream,126 980
Модульный диван Брайт-G 3 Textile Cream,81 640
Модульный диван Брайт-G 3 Textile Grey,81 640
Модульный диван Брайт-G 5 Textile Grey,126 980
Модульный диван Брайт-B 3 Textile Beige,81 640
Модульный диван Брайт-B 5 Textile Beige,126 980
Модульный диван Брайт-B 5 Textile Yellow,126 980
Модульный диван Брайт-B 3 Textile Yellow,81 640
Модульный диван Брайт-G 4 Textile Cream,92 670
Модульный диван Брайт-G 4 Textile Grey,92 670
Модульный диван Брайт-B 4 Textile Beige,92 670
Модульный диван Брайт-B 4 Textile Yellow,92 670
Модульный диван Нолан-B Textile Beige,96 050
Модульный диван Нолан-B 1 Textile Beige,152 730
Модульный диван Нолан-B Textile Dusty Blue,96 050
Модульный диван Нолан-B 1 Textile Dusty Blue,152 730
Модульный диван Нолан-B 1 Textile Orange,152 730
Модульный диван Нолан-B 2 Textile Beige,208 370
Модульный диван Нолан-B 2 Textile Dusty Blue,208 370
Модульный диван Нолан-B 2 Textile Orange,208 370
Модульный диван Нолан-W Textile Dusty Blue,96 050
Диван Рутс Black,69 290
Модульный диван Мидеро Textile Navy Blue,75 580
Модульный диван Мидеро Textile Beige,75 580
Модульный диван Мидеро-1 Textile Beige,124 390
Модульный диван Мидеро-1 Textile Navy Blue,124 390
Модульный диван Мидеро-2 Textile Beige,165 330
Модульный диван Мидеро-2 Textile Navy Blue,165 330
Диван Франс Olive,34 640
Набор мебели Видьют Linen,47 240
Набор мебели Видьют Apricot,47 240
Диван Lotus Textile Silver,94 490
Диван Lotus Textile Olive,94 490
Диван Lotus Textile Ginger,94 490
Диван Lotus-1 Textile Olive,136 490
Диван Lotus-1 Textile Ginger,136 490
Диван Lotus Textile Sky,94 490
Диван Lotus-1 Textile Silver,136 490
Диван Lotus-1 Textile Sky,136 490
Диван Крис Beige,11 230
Диван Крис Blue,11 230
Диван Лигеро,21 310
Садовые качели Эйприл Beige,15 740
Садовые качели Эйприл Grey,15 740
Диван Коби Cream,62 990
Диван Джейсон Milk,38 840
Диван Альфи Milk,78 740
Скамья Фрея,15 740
Диван Ланкастер Textile Milk,57 430
Диван Литта Black,40 630
Модульный диван Хайленд Textile Beige,114 430
Модульный диван Хайленд Textile Grey,114 430
Диван Крис Olive,11 230
Диван Алси Grey,41 990
Диван угловой Ларонсо Bucle White,115 490
Диван угловой Ларонсо Textile Grey,136 490
Диван Кела Мини Velvet Ginger,41 990
Диван Кела Мини Velvet Wet Sand,41 990
Диван Маре Мини Velvet Blue,29 390
Диван Массе Velvet Blue,68 240
Диван Массе Velvet Ginger,68 240
Диван Онте Bucle White,103 940
Диван Онте Bucle Silver,103 940
Диван Онте Bucle Mint,103 940
Диван Онте Textile Grafit,125 990
Диван Онте Textile Grey,125 990
Диван Онте Textile Night,125 990
Диван Льери Barhat Olive,83 990
Диван угловой Льери Barhat Olive,103 940
Диван угловой Льери Barhat Wet Sand,103 940
Диван Мисл Barhat Olive,78 740
Диван Мисл Barhat Wet Sand,78 740
Диван угловой Мисл-1 Barhat Olive,115 490
Диван угловой Мисл-1 Barhat Wet Sand,115 490
Диван Ситено Barhat Olive,62 990
Диван Ситено Barhat Wet Sand,62 990
Диван угловой Ситено Barhat Olive,73 490
Диван угловой Ситено Barhat Wet Sand,73 490
Диван угловой Эдвин-2 Velvet Grey,115 490
Диван угловой Эдвин-2 Velvet Moss,115 490
Диван угловой Эдвин-2 Velvet Smoke,115 490
Диван угловой Эдвин-2 Velvet Blue,115 490
Диван угловой Эдвин-2 Velvet Terra,115 490
Диван угловой Эдвин-2 Velvet Stone,115 490
Диван Лесли Velvet Violet,49 340
Диван Виенсо Cozy Beige,73 490
Диван угловой Дарол Velvet Grey,68 240
Диван угловой Харинг Soft Grafit,97 640
Диван Лонди Cozy Beige,55 640
Диван Коренс-3 Happy Emerald,37 790
Диван Спейс-2 Velvet Stone,94 490
Диван Терм Velvet Olive,73 490
Диван Коренс Happy Light,32 540
Диван Динс Мини Velvet Emerald,52 490
Диван Ольен Velvet Latte,68 240
Диван Динс Time Emerald,57 740
Диван угловой Слипсон Happy Grafit,70 340
Диван Коренс Happy Emerald,32 540
Диван Слипсон Happy Grafit,62 990
Диван Дисент Soft Olive,103 940
Диван Эби Velvet Olive,68 240
Диван Тайлин Velvet Emerald,41 990
Диван Бонс-Т Velvet Olive,47 240
Диван угловой Дарол Happy Emerald,68 240
Диван Тайлин Velvet Coral,41 990
Диван угловой Динс Time Emerald,62 990
Диван Слипсон Emerald,62 990
Диван угловой Дарол Happy Grafit,68 240
Диван Франс Linen,34 640
Диван угловой Эдвин-2 Velvet Light,115 490
Диван Бонс-Т Velvet Emerald,0
Диван Ольен Velvet Beige,0
Диван Байма Velvet Beige,0
Диван угловой Лилле Velvet Emerald,0
Диван Боско-2 Land Yellow,0
Диван угловой Амрано Velvet Cocoa,0
Диван Эби Happy Grey,0
Диван Талас Velvet Beige,0
Диван Роттердам Velvet Beige,0
Диван Терм Zamsha Olive,0
Диван угловой Харинг Soft Toffe,0
Диван Динс Velvet Emerald,0
Диван угловой Динс Velvet Stone,0
Диван Дара Velvet Emerald,0
Диван угловой Дарол Velvet Emerald,0
Диван Роттердам Velvet Black,0
Диван Сторм Land Yellow,0
Диван Слипсон Velvet Emerald,0
Диван Дисент Velvet Emerald,0
Диван Слипсон Мини Linia Mint,0
Кушетка Кото Cozy Storm,0
Диван Бонс-Т Happy Grey,0
Диван Слипсон Velvet Stone,0
Диван угловой Дарол Velvet Beige,0
Диван Тайлин Velvet Smoke,0
Диван Тайлин Velvet Grey,0
Диван Роттердам-3 Velvet Beige,0
Диван Ольен Velvet Emerald,0
Диван Ольен Happy Latte,0
Диван Талас Velvet Blue,0
Диван Дисент Soft Light,0
Диван угловой Динс Velvet Emerald,0
Диван угловой Мисл-1 Barhat White,0
Кушетка Берил Velvet Beige,0
Диван угловой Слипсон Velvet Stone,0
Диван Талас Velvet Olive,0
Диван Кускен Velvet Grafit,0
Диван Маре Мини Velvet Melon,0
Диван угловой Ситено Barhat Mint,0
Диван Роттердам Velvet Grey,0
Диван Аркет-2 Velvet Yellow,0
Диван Аркет-2 Velvet Smoke,0
Диван угловой Эби-1 Time Light,0
Диван Талас Velvet Smoke,0
Диван Аркет-3 Velvet Grey,0
Диван Саннес Velvet Light,0
Диван Байма Velvet Stone,0
Диван Талас Velvet Terra,0
Диван угловой Дисент-2 Soft Light,0
Диван угловой Слипсон Happy Yellow,0
Диван Эби Happy Emerald,0
Диван Лесли Velvet Stone,0
Диван Динс Мини Velvet Emerald,0
Диван Динс Velvet Stone,0
Диван Мисл Barhat White,0
Диван угловой Эби-2 Happy Yellow,0
Кушетка Олтен Textile Yellow,0
Диван Ситено Barhat Mint,0
Диван Ольен Velvet Stone,0
Диван Льери Barhat Mint,0
Диван Эби Soft Grafit,0
Диван Мисл Barhat Mint,0
Диван угловой Льери Barhat Mint,0
Диван Биани Velvet Gold,0
Диван Аркет-3 Velvet Yellow,0
Диван Аркет-2 Velvet Jungle,0
Диван Аркет-3 Velvet Light,0
Диван Аркет-2 Velvet Coral,0
Диван угловой Эби-2 Soft Grafit,0
Диван Аркет-3 Velvet Sky,0
Диван угловой Эби-1 Soft Grafit,0
Диван Кела Мини Velvet Pink,0
Диван Викс Time Navy Blue,0
Диван угловой Динс Velvet Emerald,0
Диван Лесли Velvet Beige,0
Диван Тилар Textile Ginger,0
Диван Аркет-3 Velvet Jungle,0
Кушетка Манс Barhat Ocean,0
Диван Ольен Мини Happy Mint,0
Диван Аркет-2 Velvet Yellow,0
Диван Тилар Textile Night,0
Диван Аркет-3 Velvet Grey,0
Диван угловой Эби-1 Gene Grey,0
Диван Тайлин Velvet Blue,0
Диван Хевит Barhat Salmon,0
Кушетка Манс Barhat Mint,0
Кушетка Олтен Textile Latte,0
Диван угловой Слипсон Happy Green,0
Диван Аркет-2 Velvet Pink,0
Диван угловой Мисл-1 Barhat Melon,0
Диван Эби Happy Yellow,0
Диван угловой Биани-1 Velvet Smoke,0
Диван угловой Эби-2 Gene Grey,0
Кушетка Норфолк Velvet Beige,0
Диван Динс Мини Velvet Grey,0
Диван Лофт Linia Mint,0
Диван Мисл Happy Grey,0
Диван Биани Velvet Smoke,0
Диван Аркет-3 Velvet Blue,0
Диван Эби Мини Happy Grey,0
Диван Данста Velvet Terra,0
Диван Милкен Vertical Pink,0
Диван Коренс-3 Gene Grey,0
Диван угловой Дисент-2 Soft Milk,0
Диван угловой Спейс-2 Velvet Blue,0
Диван Ольен Gene Grey,0
Диван Массе Velvet Coral,0
Диван Динс Velvet Emerald,0
Диван Ларонсо Textile Night,0
Диван Нумо Мини Gene Ocean,0
Диван угловой Слипсон Gene Grey,0
Диван Дара Happy Green,0
Диван Слипсон Time Light,0
Диван Ольен Time Emerald,0
Диван угловой Амрано Velvet Grafit,0
Диван угловой Мисл-1 Soft Grey,0
Диван Льери Barhat Blue,0
Диван Бруквиль Velvet Mint,0
Диван Ольен Мини Happy Light,0
Диван Кускен Velvet Yellow,0
Диван угловой Бруквиль Velvet Stone,0
Диван Аркет-3 Velvet Coral,0
Диван Аркет-3 Velvet Light,0
Диван Милкен Velvet Yellow,0
Диван Бонент Velvet Blue,0
Диван Роттердам-3 Velvet Yellow,0
Диван угловой Дарол Happy Green,0
Диван Аркет-2 Velvet Light,0
Кушетка Манс Barhat Grey,0
Диван угловой Слипсон Time Light,0
Диван Эби Gene Grey,0
Диван угловой Эби-2 Happy Ocean,0
Диван Аркет-3 Velvet Smoke,0
Диван угловой Дарол Time Light,0
Диван угловой Плэнтис Soft Grafit,0
Диван Дисент Soft Milk,0
Диван угловой Льери Velvet Grey,0
Диван Эби Happy Light,0
Диван Викс Textile Ocean,0
Диван Аркет-3 Velvet Yellow,0
Диван Коренс-3 Happy Green,0
Диван Динс Velvet Grey,0
Диван Дара Time Light,0
Диван Тилар Textile Ocean,0
Диван Коренс Gene Grey,0
Диван Аркет-2 Velvet Sky,0
Диван угловой Дарол Velvet Stone,0
Диван Коренс Happy Green,0
Диван Льери-1 Gene Latte,0
Диван Динс Velvet Yellow,0
Диван Аркет-2 Velvet Smoke,0
Диван Бонс-Т Cozy Ivory,0
Диван Аркет-2 Velvet Light,0
Диван Ольен Мини Time Emerald,0
Диван Виена Time Atlantic,0
Диван Тайлин Velvet Beige,0
Диван Мисл Barhat Melon,0
Диван Аркет-2 Velvet Grey,0
Диван Коренс Time Light,0
Диван угловой Эби-2 Happy Grey,0
Диван угловой Дисент-2 Time Plum,0
Диван Бонс-Т Gene Grey,0
Диван Бонс-Т Time Light,0
Диван угловой Онте Textile Silver,0
Диван Эби Cozy Night,0
Диван угловой Эби-1 Happy Grey,0
Диван Лофт Linia Emerald,0
Кушетка Манс Barhat Umber,0
Диван Льери Barhat Mint,0
Диван Роттердам Velvet Green,0
Диван Тилар Velvet Stone,0
Диван Дара Gene Grey,0
Диван Льери Velvet Grey,0
Диван угловой Эби-2 Time Light,0
Диван Динс Мини Time Emerald,0
Диван Аркет-2 Velvet Olive,0
Диван Мисл Soft Grey,0
Диван Ольен Мини Happy Ocean,0
Диван Эби Time Light,0
Диван Дисент Land Forest,0
Диван Ольен Мини Gene Grey,0
Диван угловой Дисент-1 Bucle White,0
Диван Виена Bucle Milk,0
Диван Ольен Happy Ocean,0
Диван Данста Textile Silver,0
Диван Слипсон Happy Green,0
Диван Аркет-2 Velvet Grey,0
Диван угловой Биани-2 Velvet Gold,0
Диван угловой Биани-2 Velvet Smoke,0
Диван Ольен Happy Emerald,0
Диван Дисент Time Plum,0
Диван угловой Дарол Happy Latte,0
Диван Кускен Vertiсal Terra,0
Диван Коренс Happy Ocean,0
Диван Лофт Linia Vanil,0
Диван Ольен Happy Green,0
Диван угловой Льери Time Melon,0
Диван Ситено Barhat Grey,0
Диван угловой Биани-1 Velvet Gold,0
Диван Кела Мини Velvet Emerald,0
Диван Льери Time Melon,0
Диван угловой Эби-1 Happy Ocean,0
Кушетка Берил Velvet Emerald,0
Диван Коренс-3 Time Light,0
Диван Хевит Barhat Yellow,0
Диван угловой Онте Bucle Grafit,0
Кушетка Ринт Bucle Grafit,0
Диван Роттердам Velvet Yellow,0
Диван Аркет-2 Velvet Blue,0
Диван Эби Happy Ocean,0
Диван Аркет-3 Velvet Pink,0
Кушетка Манс Barhat Beige,0
Диван угловой Дисент-2 Land Forest,0
Диван Аркет-3 Velvet Smoke,0
Диван Эби Мини Time Yellow,0
Диван Дара Happy Latte,0
Диван угловой Динс Velvet Grey,0
Диван Слипсон Gene Grey,0
Диван Эби Мини Linia Ginger,0
Диван угловой Эби-1 Happy Yellow,0
Диван Аркет-3 Velvet Olive,0
Диван Ольен Мини Time Light,0
Диван Онте Bucle Grafit,0
Диван Онте Bucle Beige,0
